{"cameraMode":{"drawMode":0,"name":"Shaded","section":"Shading Mode"},"sceneLighting":false,"audioPlay":false,"sceneViewState":{"m_AlwaysRefresh":false,"showFog":true,"showSkybox":false,"showFlares":true,"showImageEffects":true,"showParticleSystems":true,"showVisualEffectGraphs":true,"m_FxEnabled":true},"in2DMode":false,"pivot":{"x":0.026241302490234376,"y":0.17791494727134705,"z":-0.08560752868652344},"rotation":{"x":-0.024693340063095094,"y":-0.9470778703689575,"z":0.3111189901828766,"w":-0.07516884803771973},"size":21.37246322631836,"orthographic":true}