{"cameraMode":{"drawMode":0,"name":"Shaded","section":"Shading Mode"},"sceneLighting":false,"audioPlay":false,"sceneViewState":{"m_AlwaysRefresh":false,"showFog":true,"showSkybox":false,"showFlares":true,"showImageEffects":true,"showParticleSystems":true,"showVisualEffectGraphs":true,"m_FxEnabled":true},"in2DMode":false,"pivot":{"x":0.06673198938369751,"y":0.978191614151001,"z":1.9757411479949952},"rotation":{"x":0.022251803427934648,"y":0.96584153175354,"z":-0.24250859022140504,"w":0.08862181752920151},"size":2.383445978164673,"orthographic":true}