{"cameraMode":{"drawMode":0,"name":"Shaded","section":"Shading Mode"},"sceneLighting":false,"audioPlay":false,"sceneViewState":{"m_AlwaysRefresh":false,"showFog":true,"showSkybox":false,"showFlares":true,"showImageEffects":true,"showParticleSystems":true,"showVisualEffectGraphs":true,"m_FxEnabled":true},"in2DMode":false,"pivot":{"x":-0.05877041816711426,"y":0.8564440608024597,"z":0.2355867624282837},"rotation":{"x":0.06438111513853073,"y":-0.047881998121738437,"z":0.0030928191263228657,"w":0.9967740178108215},"size":3.253682851791382,"orthographic":true}