{"cameraMode":{"drawMode":0,"name":"Shaded","section":"Shading Mode"},"sceneLighting":false,"audioPlay":false,"sceneViewState":{"m_AlwaysRefresh":false,"showFog":true,"showSkybox":false,"showFlares":true,"showImageEffects":true,"showParticleSystems":true,"showVisualEffectGraphs":true,"m_FxEnabled":true},"in2DMode":false,"pivot":{"x":-0.0003845319151878357,"y":0.09759847074747086,"z":0.0004524439573287964},"rotation":{"x":-0.024693340063095094,"y":-0.9470778703689575,"z":0.3111189901828766,"w":-0.07516884803771973},"size":0.16160841286182404,"orthographic":true}