{"cameraMode":{"drawMode":0,"name":"Shaded","section":"Shading Mode"},"sceneLighting":false,"audioPlay":false,"sceneViewState":{"m_AlwaysRefresh":false,"showFog":true,"showSkybox":false,"showFlares":true,"showImageEffects":true,"showParticleSystems":true,"showVisualEffectGraphs":true,"m_FxEnabled":true},"in2DMode":false,"pivot":{"x":0.15215706825256349,"y":1.9138243198394776,"z":-1.5516157150268555},"rotation":{"x":-0.013118335045874119,"y":-0.8967647552490234,"z":0.44151222705841067,"w":-0.026645269244909288},"size":7.193968296051025,"orthographic":true}