{"cameraMode":{"drawMode":0,"name":"Shaded","section":"Shading Mode"},"sceneLighting":false,"audioPlay":false,"sceneViewState":{"m_AlwaysRefresh":false,"showFog":true,"showSkybox":false,"showFlares":true,"showImageEffects":true,"showParticleSystems":true,"showVisualEffectGraphs":true,"m_FxEnabled":true},"in2DMode":false,"pivot":{"x":0.15215706825256349,"y":1.9138243198394776,"z":-1.5516157150268555},"rotation":{"x":0.007524368353188038,"y":-0.9924761056900024,"z":-0.08656393736600876,"w":-0.08626775443553925},"size":7.193968296051025,"orthographic":true}