{"cameraMode":{"drawMode":0,"name":"Shaded","section":"Shading Mode"},"sceneLighting":false,"audioPlay":false,"sceneViewState":{"m_AlwaysRefresh":false,"showFog":true,"showSkybox":false,"showFlares":true,"showImageEffects":true,"showParticleSystems":true,"showVisualEffectGraphs":true,"m_FxEnabled":true},"in2DMode":false,"pivot":{"x":0.2652406692504883,"y":2.459376335144043,"z":-0.8772315979003906},"rotation":{"x":0.002922643907368183,"y":-0.9960551261901856,"z":0.03587343171238899,"w":0.08115435391664505},"size":5.551382064819336,"orthographic":true}