{"cameraMode":{"drawMode":0,"name":"Shaded","section":"Shading Mode"},"sceneLighting":false,"audioPlay":false,"sceneViewState":{"m_AlwaysRefresh":false,"showFog":true,"showSkybox":false,"showFlares":true,"showImageEffects":true,"showParticleSystems":true,"showVisualEffectGraphs":true,"m_FxEnabled":true},"in2DMode":false,"pivot":{"x":0.13405561447143556,"y":0.9091188907623291,"z":-0.005322933197021484},"rotation":{"x":0.35201701521873476,"y":0.5864991545677185,"z":-0.3134419620037079,"w":0.6586792469024658},"size":1.3963754177093506,"orthographic":false}