{"cameraMode":{"drawMode":0,"name":"Shaded","section":"Shading Mode"},"sceneLighting":false,"audioPlay":false,"sceneViewState":{"m_AlwaysRefresh":false,"showFog":true,"showSkybox":false,"showFlares":true,"showImageEffects":true,"showParticleSystems":true,"showVisualEffectGraphs":true,"m_FxEnabled":true},"in2DMode":false,"pivot":{"x":0.007245779037475586,"y":1.5961010456085206,"z":-0.05393528938293457},"rotation":{"x":0.428060919046402,"y":-0.023041440173983575,"z":0.010917918756604195,"w":0.9033903479576111},"size":2.0222246646881105,"orthographic":true}