{"cameraMode":{"drawMode":0,"name":"Shaded","section":"Shading Mode"},"sceneLighting":false,"audioPlay":false,"sceneViewState":{"m_AlwaysRefresh":false,"showFog":true,"showSkybox":false,"showFlares":true,"showImageEffects":true,"showParticleSystems":true,"showVisualEffectGraphs":true,"m_FxEnabled":true},"in2DMode":false,"pivot":{"x":-0.10193580389022827,"y":0.84575355052948,"z":0.18311858177185059},"rotation":{"x":0.06438111513853073,"y":-0.047881998121738437,"z":0.0030928191263228657,"w":0.9967740178108215},"size":3.440822124481201,"orthographic":true}