{"cameraMode":{"drawMode":0,"name":"Shaded","section":"Shading Mode"},"sceneLighting":false,"audioPlay":false,"sceneViewState":{"m_AlwaysRefresh":false,"showFog":true,"showSkybox":false,"showFlares":true,"showImageEffects":true,"showParticleSystems":true,"showVisualEffectGraphs":true,"m_FxEnabled":true},"in2DMode":false,"pivot":{"x":0.1251954436302185,"y":0.47888341546058657,"z":2.4155046939849855},"rotation":{"x":0.001163927256129682,"y":-0.9941180944442749,"z":0.10778415948152542,"w":0.010733107104897499},"size":1.912598729133606,"orthographic":true}