{"cameraMode":{"drawMode":0,"name":"Shaded","section":"Shading Mode"},"sceneLighting":false,"audioPlay":false,"sceneViewState":{"m_AlwaysRefresh":false,"showFog":true,"showSkybox":false,"showFlares":true,"showImageEffects":true,"showParticleSystems":true,"showVisualEffectGraphs":true,"m_FxEnabled":true},"in2DMode":false,"pivot":{"x":-0.0011954307556152344,"y":1.052100658416748,"z":0.23920011520385743},"rotation":{"x":0.007524368353188038,"y":-0.9924761056900024,"z":-0.08656393736600876,"w":-0.08626775443553925},"size":6.1395721435546879,"orthographic":true}