{"cameraMode":{"drawMode":0,"name":"Shaded","section":"Shading Mode"},"sceneLighting":false,"audioPlay":false,"sceneViewState":{"m_AlwaysRefresh":false,"showFog":true,"showSkybox":false,"showFlares":true,"showImageEffects":true,"showParticleSystems":true,"showVisualEffectGraphs":true,"m_FxEnabled":true},"in2DMode":false,"pivot":{"x":0.002009555697441101,"y":0.11494863778352738,"z":0.004820317029953003},"rotation":{"x":-0.024693340063095094,"y":-0.9470778703689575,"z":0.3111189901828766,"w":-0.07516884803771973},"size":0.16232828795909882,"orthographic":true}