{"cameraMode":{"drawMode":0,"name":"Shaded","section":"Shading Mode"},"sceneLighting":false,"audioPlay":false,"sceneViewState":{"m_AlwaysRefresh":false,"showFog":true,"showSkybox":false,"showFlares":true,"showImageEffects":true,"showParticleSystems":true,"showVisualEffectGraphs":true,"m_FxEnabled":true},"in2DMode":false,"pivot":{"x":-0.8612520098686218,"y":0.1769566535949707,"z":0.9820046424865723},"rotation":{"x":0.05871712788939476,"y":-0.9092526435852051,"z":0.1374204158782959,"w":0.3885013163089752},"size":2.6803948879241945,"orthographic":true}